{
  "ModDisplayName": "Definitive Edition Lighting Improvements",
  "ModVersion": "1.0",
  "ModAuthor": "changemymindpls1",
  "ModCompatibility": "The_Walking_Dead_Definitive_Edition",
  "ModFiles": [
    "Relight_Library_DefinitiveEditionLightingImprovements.ttarch2",
    "_resdesc_50__DefinitiveEditionLightingImprovements.lua",
    "WDC_pc_WalkingDead102_data_DefinitiveEditionLightingImprovements.ttarch2",
    "_resdesc_50_WalkingDead102_DefinitiveEditionLightingImprovements.lua",
    "WDC_pc_WalkingDead201_data_DefinitiveEditionLightingImprovements.ttarch2",
    "_resdesc_50_WalkingDead201_DefinitiveEditionLightingImprovements.lua",
    "WDC_pc_WalkingDead205_data_DefinitiveEditionLightingImprovements.ttarch2",
    "_resdesc_50_WalkingDead205_DefinitiveEditionLightingImprovements.lua"
  ]
}